source_url,source_title,demo_route,disposition,content_sha256
https://paullavellefoundation.co.uk/,Home,/,Local route; curated layout with retained source details,1f0cfd372b1afd3e9d698aed12e5271b8cdd9fbab913512dc008f362b7cf4928
https://paullavellefoundation.co.uk/cookie-policy-uk/,Cookie Policy (UK),/cookie-policy-uk/,Local route; curated layout with retained source details,d0721513839da2ff4fc05e472755e98b5d7803d614593e0bac7e9114e82d7b88
https://paullavellefoundation.co.uk/privacy-policy/,Privacy Policy,/privacy-policy/,Local route; curated layout with retained source details,a36791681b1c532ec0cf5e064452675ea0aa86fbf76fe60c993c41e9e3bb59e8
https://paullavellefoundation.co.uk/what-we-do/,What We Do,/what-we-do/,Local route; curated layout with retained source details,b36d15ee8d5be23a3c59888691ee41bd2d5ec96b8bda1d44950c60f2d9cc5ce6
https://paullavellefoundation.co.uk/lgbtq/,LGBTQ+,/lgbtq/,Local route; curated layout with retained source details,38b9785e043cde0ec822430601a5383d79c8fd0d9b12d6246a92c9cc0c46a4d9
https://paullavellefoundation.co.uk/what-we-do/healthy-relationship-education/,Healthy Relationship Education,/what-we-do/healthy-relationship-education/,Local route; curated layout with retained source details,340e9f1fb061ec4465129f315ad9a0020d3a21e8cffadabf40ee30882196bd73
https://paullavellefoundation.co.uk/what-we-do/fyp-for-you-project/,'FYP' - For You Project,/what-we-do/fyp-for-you-project/,Local route; curated layout with retained source details,9974a2c39007706c88ab69c710026be7608e51595710398b61b33c78df60efaa
https://paullavellefoundation.co.uk/spaces/,Spaces,/spaces/,Local route; curated layout with retained source details,b4f863f8ddb46594229f20f9695203c8cea08417f038cccfe353dd5d715db3de
https://paullavellefoundation.co.uk/activity-groups/,Activity Groups,/activity-groups/,Local route; curated layout with retained source details,54f3cfe9c5fa70188088992252fa2ad297e0e80e4add0646289eda382879ccce
https://paullavellefoundation.co.uk/disclaimer/,Disclaimer Form,/disclaimer/,Local route; curated layout with retained source details,68c592e8b850ae8fb15ede2da07759ddb95060d70ce9ee4c7c401ab1e441c54f
https://paullavellefoundation.co.uk/information-on-male-domestic-abuse/,Information on Male Domestic Abuse,/information-on-male-domestic-abuse/,Local route; curated layout with retained source details,9622ed306073320755d85067311af0209a9d1e0696feb6ab1fc37a2a6b6d40f8
https://paullavellefoundation.co.uk/get-in-touch/,Get in Touch,/get-in-touch/,Local route; curated layout with retained source details,2e33503d058e0626247d4ad21c2d8058382513d104c1a0bd8e10d470955b4144
https://paullavellefoundation.co.uk/referral-forms/,Referral Forms,/referral-forms/,Local entry with external handoff; no sensitive form,7489bb717f2b1b12d503b30835e97447347ab8f2d0bfcc937aa60817148d5bda
https://paullavellefoundation.co.uk/healthy-relationships-healthy-you/,"Healthy Relationships, Healthy You!",/healthy-relationships-healthy-you/,Local route; curated layout with retained source details,75fa6385762203ad8756246f7490dd7ad28057b104b4dea3dbdf53927f525465
https://paullavellefoundation.co.uk/events/,Events for October 2026,/events/,Local route; curated layout with retained source details,fac4ce03eba441df74076606f2ecc77813a26ac222a98c3ce8c588d2ebf787c5
https://paullavellefoundation.co.uk/news/,News,/news/,Local route; curated layout with retained source details,458c172515703d72fd279a3c28b94eb3d761cb62fb76e654ac7be56c6336187d
https://paullavellefoundation.co.uk/referral-forms/self-referral/,Self-Referral,/referral-forms/self-referral/,Local entry with external handoff; no sensitive form,a3a8b474597a2396d0fa7be3affb194dd29f4d07fc598340a50537f3a73d9505
https://paullavellefoundation.co.uk/2019/10/31/clares-law/,Clares Law,/2019/10/31/clares-law/,Local route; curated layout with retained source details,03278876a73137b5d3cc6a348e18832ae4952fa563625b775f708c4e12e3c5fb
https://paullavellefoundation.co.uk/2019/10/24/snowdon-hike-with-the-kids-2019/,Snowdon hike with the kids 2019,/2019/10/24/snowdon-hike-with-the-kids-2019/,Local route; curated layout with retained source details,41a9f77e07311271a9b2ad78452c945f2d1197ae2b2995ec64cafeb71ebc7f09
https://paullavellefoundation.co.uk/2019/10/24/cold-water-swimming/,Cold water swimming,/2019/10/24/cold-water-swimming/,Local route; curated layout with retained source details,b8a294e854e524f971a344910d7e4a8ee8b4eeb367fe82091e1a2633506d2e51
https://paullavellefoundation.co.uk/2019/07/09/liverpool-to-chester-team-100-mile-ride-for-claire-house/,Liverpool to Chester team 100 mile ride for Claire House,/2019/07/09/liverpool-to-chester-team-100-mile-ride-for-claire-house/,Local route; curated layout with retained source details,e4f1bdef9db13a60defb42bc695714ffef63fda70e84f94f73dea50c3249a9cd
https://paullavellefoundation.co.uk/2019/03/18/li/,Liverpool Half Marathon 2019,/2019/03/18/li/,Local route; curated layout with retained source details,f2c12701110c756dbd1a614c387ea833b091079c1cf6a859171b054f21c9108b
https://paullavellefoundation.co.uk/2019/10/,October 2019,/2019/10/,Local route; curated layout with retained source details,3e73efc1db9ec8dfa138166429f165ba16fca8d6842ceec368ed222c9edd6f31
https://paullavellefoundation.co.uk/2019/07/,July 2019,/2019/07/,Local route; curated layout with retained source details,7df7f8e37b02a986df4b905fb39e4caf97edc4906cc2dfed2a2c9fd80b4005c1
https://paullavellefoundation.co.uk/2019/03/,March 2019,/2019/03/,Local route; curated layout with retained source details,e3f6e1bb733a706507b5830c2c890df03b14a2606ecc0743068df3d0aec92c89
https://paullavellefoundation.co.uk/2019/02/,February 2019,/2019/02/,Local route; curated layout with retained source details,66a399fe023adb0b8a6cf1773788d01be96937d5789d5c012bba32912e2f69c8
https://paullavellefoundation.co.uk/2018/12/,December 2018,/2018/12/,Local route; curated layout with retained source details,a53c6875ead055faaa978c3b8e057e1a8cbb5d2225e5b7611085fbd090a6c61e
https://paullavellefoundation.co.uk/2018/10/,October 2018,/2018/10/,Local route; curated layout with retained source details,a11b3bfc0b5b9ae6d441d416926869a51673b86842009c77c272815e254ad7a7
https://paullavellefoundation.co.uk/2017/03/,March 2017,/2017/03/,Local route; curated layout with retained source details,e2d7ae6f21538b4525b8aebd3acd039e7d25b42b8a4af217b21bf0f16496a917
https://paullavellefoundation.co.uk/agency-referral/,Professional referrals,/agency-referral/,Local entry with external handoff; no sensitive form,0a963fc9261c51d40649fcdd3caeaf1bd417aa9b8448fe25cf20d329a746b616
https://paullavellefoundation.co.uk/spaces/wirral-space/,Wirral Space,/spaces/wirral-space/,Local route; curated layout with retained source details,b73bcd54c23bbbd48c14ea13e821bd7e576ee9888ae6ad23b60217a5aeef263f
https://paullavellefoundation.co.uk/spaces/liverpool-space/,Liverpool Space,/spaces/liverpool-space/,Local route; curated layout with retained source details,d9a72a0f72a96fa2b745fe581db03e38786ecba2197454f2bd7b3703fedcbfae
https://paullavellefoundation.co.uk/pauls-memory/lejog-2019-lands-end-to-john-ogroats-926-miles-28-riders-for-claire-house-the-plf/,Lejog 2019.....Lands End to John O`Groats 926 miles 28 riders for Claire House & The PLF,/pauls-memory/lejog-2019-lands-end-to-john-ogroats-926-miles-28-riders-for-claire-house-the-plf/,Local route; curated layout with retained source details,d06ccb57e003bbb79729624199fca9538fd3c492621e72dd701dd06d8f385a7f
https://paullavellefoundation.co.uk/event/summer-bbq/,Summer BBQ,/event/summer-bbq/,Local route; curated layout with retained source details,0206930af8deeaacb0f73defbd573511c093bd39e29cec8e02f77ab5817e6276
https://paullavellefoundation.co.uk/event/the-wirral-marathon-10th-may-2026/,The Wirral Marathon 10th May 2026,/event/the-wirral-marathon-10th-may-2026/,Local route; curated layout with retained source details,f62526a997d74acaa7262b3eb2d308af5f98a4b41453d62caa3f98cd584a699c
https://paullavellefoundation.co.uk/event/london-marathon/,London Marathon,/event/london-marathon/,Local route; curated layout with retained source details,484914f54d1175bfa590df11294f6c4a01c4ed60c3dda672d79ca5a7f22548bb
https://paullavellefoundation.co.uk/2019/03/07/march-of-the-mods-liverpool-2-3-19/,March Of The Mods Liverpool 2/3/19,/2019/03/07/march-of-the-mods-liverpool-2-3-19/,Local route; curated layout with retained source details,4b9de036f7a4603386d1fbffee69124d897f7eb8431b702dd8d4940acb774ed2
https://paullavellefoundation.co.uk/2019/02/27/new-office-opening-day/,New office opening day,/2019/02/27/new-office-opening-day/,Local route; curated layout with retained source details,f097cb6b44dbb0339ea4a0d8b5e781f84dc1f095fc8b5866f2dfb7040ccd7927
https://paullavellefoundation.co.uk/2018/12/19/wirral-borough-councils-itsneverok-initiative-talks/,Wirral Borough Council's #itsneverok Initiative Talks,/2018/12/19/wirral-borough-councils-itsneverok-initiative-talks/,Local route; curated layout with retained source details,a3071ed10ca626c334415f2dd164d4fd39b235b7f7640394873a45d3a468b117
https://paullavellefoundation.co.uk/2018/10/26/the-paul-lavelle-foundation-sponsors-glenavon-youth/,The Paul Lavelle Foundation Sponsors Glenavon Youth,/2018/10/26/the-paul-lavelle-foundation-sponsors-glenavon-youth/,Local route; curated layout with retained source details,0de0b942e8a71a6f299bbee34791c57cef5ccc1f2e287c8cf57864c574ad1d1c
https://paullavellefoundation.co.uk/2018/10/23/the-scrapbook-years-a-teenage-evertonian-in-the-80s/,The Scrapbook Years - A Teenage Evertonian in the 80s,/2018/10/23/the-scrapbook-years-a-teenage-evertonian-in-the-80s/,Local route; curated layout with retained source details,d3f00f58543c469f0820f4a2fa0552fa7db8ba92a724e1259d4ec8c1ad34947f
https://paullavellefoundation.co.uk/news/page/2/,News - Page 2 of 2,/news/page/2/,Local route; curated layout with retained source details,331d4e23a756a2b20827c89d1dc4a5ca89911c751398f51fda06730f63adf14b
https://paullavellefoundation.co.uk/2017/03/23/when-skies-are-grey/,When Skies Are Grey,/2017/03/23/when-skies-are-grey/,Local route; curated layout with retained source details,1fe4bf6373497b3adfe9e0f12668533a590c864a880e677a2d5cc955b3d06702
https://paullavellefoundation.co.uk/event/march-of-the-mods-2026/,MARCH OF THE MODS 2026,/event/march-of-the-mods-2026/,Local route; curated layout with retained source details,c52f8eedfd186f5e2681c8e652e294fd210fac2f9b3659b37e6707360ea28d98
https://paullavellefoundation.co.uk/event/male-domestic-abuse-conference-2026/,Male Domestic Abuse Conference 2026,/event/male-domestic-abuse-conference-2026/,Local route; curated layout with retained source details,15e8e5c5cf633511ee290971b1bc0ee144c632ac07d7ca20f4bd8d3687eb28fe
https://paullavellefoundation.co.uk/events/category/march-of-the-mods/,Events for October 2026 › March of the Mods ›,/events/category/march-of-the-mods/,Local route; curated layout with retained source details,0edc8623c2ba4ccf728f7a5e73d3dbb0a83859af144f36f5dc52972122ab53e5
https://paullavellefoundation.co.uk/event/race-night/,Race Night,/event/race-night/,Local route; curated layout with retained source details,d04f974e40d9a5d2fad734f3e68fda30367a6449861b77080b9717dcb61f70ac
https://paullavellefoundation.co.uk/events/category/march-of-the-mods/list/,Upcoming Events › March of the Mods ›,/events/category/march-of-the-mods/list/,Local route; curated layout with retained source details,3521b968abb91ec01f6bbc35a6fe88e2b7ffc4fd769d7d0dbcfda460e09620d1
https://paullavellefoundation.co.uk/events/category/march-of-the-mods/month/,Events for October 2026 › March of the Mods ›,/events/category/march-of-the-mods/month/,Local route; curated layout with retained source details,0edc8623c2ba4ccf728f7a5e73d3dbb0a83859af144f36f5dc52972122ab53e5
https://paullavellefoundation.co.uk/events/category/march-of-the-mods/today/,"Events for October 8, 2026 › March of the Mods ›",/events/category/march-of-the-mods/today/,Local route; curated layout with retained source details,3b4fab930f8a39c339e97922f64205f1b864f3378ade3df46579b0d1df4067ba
https://paullavellefoundation.co.uk/event/march-of-the-mods-2/,March of the Mods - Liverpool 2024,/event/march-of-the-mods-2/,Local route; curated layout with retained source details,6e477dfd33746d05c4e728aa2ff05b899f8fa12acde03bf112d940b260f496d4
https://paullavellefoundation.co.uk/event/wirral-summer-hops-beer-festival-2025/,Wirral Summer Hops Beer Festival 2025,/event/wirral-summer-hops-beer-festival-2025/,Local route; curated layout with retained source details,e44982bb29cc8e3bfdaf9399152a8f888ca77df973c1835839e4854fe86db1bf
https://paullavellefoundation.co.uk/event/race-night-at-prenton-rugby-club/,Race Night at Prenton Rugby Club,/event/race-night-at-prenton-rugby-club/,Local route; curated layout with retained source details,058ad39b2676032e10369d395a250953f15369a973d5cd2dcad4964932d9c54e
https://paullavellefoundation.co.uk/event/annual-10k-5k-run/,Annual 10K & 5K Run,/event/annual-10k-5k-run/,Local route; curated layout with retained source details,2f903a0da1749859ad3f7a346a13f82590e651cc82b1a425c1462aa612776f70
https://paullavellefoundation.co.uk/event/plf-wirral-marathon-half-marathon-10k/,"PLF Wirral Marathon, Half Marathon & 10K",/event/plf-wirral-marathon-half-marathon-10k/,Local route; curated layout with retained source details,3b23812bf22936613f07aca779e60e6170edd21bca8cf44b6045e006ec9caa89
https://paullavellefoundation.co.uk/event/ladies-2023-world-cup-sweep/,Ladies 2023 World Cup Sweep,/event/ladies-2023-world-cup-sweep/,Local route; curated layout with retained source details,8b998634c03a5ee4435a0f8dc5fb71159092a7a9d770f5214d72670a30d501d3
https://paullavellefoundation.co.uk/event/2602/,Dunkirk to Arnhem Cycle Challenge,/event/2602/,Local route; curated layout with retained source details,3eb0dd899a94dc50104c17fcb1805f0c3690d894f2531b482aca4d8d21ed7ceb
https://paullavellefoundation.co.uk/event/march-of-the-mods-2025/,March of the Mods 2025,/event/march-of-the-mods-2025/,Local route; curated layout with retained source details,7b6d2307d70a9e988ca57ecaed04f9beb543ba75d5fdf3037d0831d49ca9696c
https://paullavellefoundation.co.uk/event/paradox-celebration-evening/,Paradox Celebration Evening,/event/paradox-celebration-evening/,Local route; curated layout with retained source details,a05d21c4711f16fe65dcdf350c0e3badc6a5f57d29ad2389069381f2de421a7d
https://paullavellefoundation.co.uk/event/summer-hops-beer-festival-wirral/,Summer Hops BEER FESTIVAL Wirral,/event/summer-hops-beer-festival-wirral/,Local route; curated layout with retained source details,a09e73781c01240a501575bfc83e9a7311b2380d72113fc8921d6aa1884ef7c2
https://paullavellefoundation.co.uk/event/lottery-bonus-ball-monthly-draw/,Lottery 'Bonus Ball' monthly draw.,/event/lottery-bonus-ball-monthly-draw/,Local route; curated layout with retained source details,bbb8927d11055da22a1bec6208fce9c7afbb1d32db509fc4f8f2c9bab41de406
https://paullavellefoundation.co.uk/event/race-day-evening-prenton-rugby-club/,Race Day & Evening Prenton Rugby Club,/event/race-day-evening-prenton-rugby-club/,Local route; curated layout with retained source details,a991241484751de89608b532020e1f92ee379747c8ddf765652d16bb6442931e
https://paullavellefoundation.co.uk/event/cycling-club-test-event/,Cycling club test event,/event/cycling-club-test-event/,Local route; curated layout with retained source details,74a3c2de07dfd48eaaa751a9ad184b441189da5b135281e9aebfe1271409b050
https://paullavellefoundation.co.uk/event/plf-cricket-event-oxton-cricket-club/,PLF Cricket Event Oxton Cricket Club,/event/plf-cricket-event-oxton-cricket-club/,Local route; curated layout with retained source details,3a4d0930b822afb1e75371cf2077b8714f104da308d4a9500778dbe96e215ef4
https://paullavellefoundation.co.uk/event/le-somme-cycle/,Le Somme Cycle,/event/le-somme-cycle/,Local route; curated layout with retained source details,f2c876320842b1a9613a57a2115f7ac6f9b2062b91c34cf79ee9ef79ab58d2d8
https://paullavellefoundation.co.uk/event/drop-in-peer-support-group/,Drop-In & Peer Support Group,/event/drop-in-peer-support-group/,Local route; curated layout with retained source details,3ab647e53ed6fda2415712a0828b57f819ed290712c6d065860f7e1b0099d329
https://paullavellefoundation.co.uk/event/march-of-the-mods-bentley-liverpool/,March of The Mods Bentley Liverpool,/event/march-of-the-mods-bentley-liverpool/,Local route; curated layout with retained source details,7f5609c82260f69929fb7fd0daced9ce4b6afd471501a3fc33bcc4e500487a1b
https://paullavellefoundation.co.uk/event/paul-gladwell-mount-teide-challenge/,Paul Gladwell Mount Teide Challenge,/event/paul-gladwell-mount-teide-challenge/,Local route; curated layout with retained source details,1e3e45b37a5a5ab980c173ee7869a30a05acd8c63c308846c69e35088326fb7e
https://paullavellefoundation.co.uk/event/gold-day/,Golf Day,/event/gold-day/,Local route; curated layout with retained source details,3fbc96b486698c6cadafdd2ba0c27cab065f5402a0a902f2903db03001e2ad2e
https://paullavellefoundation.co.uk/event/march-of-the-mods/,March of the Mods,/event/march-of-the-mods/,Local route; curated layout with retained source details,a6a7d7d98ffe5483fb61c03a9e4ccbc426d1feb529fdc3d0a228dfefb7163149
https://paullavellefoundation.co.uk/event/glencoe-ben-nevis-cycle-walk-trek/,Glencoe & Ben Nevis Cycle Walk & Trek,/event/glencoe-ben-nevis-cycle-walk-trek/,Local route; curated layout with retained source details,1b85b7155e615c6f369222aa5f3c4fb5bcf221a0931a694a5625da5cdd7dfe71
https://paullavellefoundation.co.uk/event/team-ddb-vs-plf-football-match-family-funday/,Team DDB v's PLF football match & Family Funday,/event/team-ddb-vs-plf-football-match-family-funday/,Local route; curated layout with retained source details,b5d29b4df441da2ee5e5c7c52a4b8cc9e59f7c935643142edc33215f31ae505b
https://paullavellefoundation.co.uk/event/steve-mchugh-enduroman/,Steve Mchugh Enduroman,/event/steve-mchugh-enduroman/,Local route; curated layout with retained source details,35b813499169ade380a59421d4ce5c641aa8c7580ea5bedc36b3b31f0829b176
https://paullavellefoundation.co.uk/event/grizdale-trail-run-marathon/,Grizdale Trail Run Marathon,/event/grizdale-trail-run-marathon/,Local route; curated layout with retained source details,b33e302e05b63770008ddf5d883bb2b7d70ad70b84c297a09185768c7af3336d
https://paullavellefoundation.co.uk/event/phil-paul-156-mile-cycle-challenge/,Phil & Paul 156 mile Cycle Challenge,/event/phil-paul-156-mile-cycle-challenge/,Local route; curated layout with retained source details,ed3083698424728d34bced0f784ab1593f9d08b499678e88fac66bdd2a54d658
https://www.justgiving.com/charity/paullavellefoundation,Paul Lavelle Foundation - JustGiving,/donate/,External provider; checkout is not simulated,
https://donate.justgiving.com/charity/paullavellefoundation/donation-amount,Donate - Donation amount - JustGiving,/donate/,External provider; checkout is not simulated,
